{
    "frame": {
        "original": {
            "distance": 174.88759143159052,
            "time": 0.1907234046295399,
            "features_amount_ratio": 0.5844936432169304
        },
        "scaled60percents": {
            "distance": 144.81827504837838,
            "time": 0.07311516602834066,
            "features_amount_ratio": 0.7695566356697936
        },
        "scaled200percents": {
            "distance": 159.84850018620565,
            "time": 0.8798697090148926,
            "features_amount_ratio": 0.5793367058341903
        }
    },
    "noframe": {
        "original": {
            "distance": 197.08672727868787,
            "time": 0.20859257153102329,
            "features_amount_ratio": 0.45679602941655134
        }
    }
}
