{
    "frame": {
        "original": {
            "distance": 31.092958616429893,
            "time": 0.031786059605256295,
            "features_amount": 2.3838789376158123
        },
        "scaled60percents": {
            "distance": 39.271010387157695,
            "time": 0.00832209587097168,
            "features_amount": 2.1199244570349385
        },
        "scaled200percents": {
            "distance": 35.146085552865216,
            "time": 0.148421950340271,
            "features_amount": 2.076674737691687
        }
    },
    "noframe": {
        "original": {
            "distance": 44.05183585313175,
            "time": 0.025414160319737027,
            "features_amount": 3.1439884809215264
        }
    }
}